GradeID,StudentID,CourseID,AssignmentType,Score,Date
1,1107,COURSE36,Midterm,89,2023-05-05
2,1221,COURSE46,Quiz,96,2021-11-20
3,1076,COURSE2,Quiz,84,2021-05-21
4,1133,COURSE49,Quiz,73,2024-07-10
5,1175,COURSE42,Quiz,67,2020-11-17
6,1408,COURSE16,Assignment,69,2022-12-26
7,1049,COURSE11,Assignment,72,2024-06-14
8,1188,COURSE22,Assignment,91,2020-12-18
9,1079,COURSE34,Assignment,65,2022-01-06
10,1465,COURSE49,Assignment,88,2022-05-31
11,1291,COURSE4,Assignment,68,2023-05-30
12,1325,COURSE5,Midterm,84,2022-11-06
13,1488,COURSE39,Final Exam,62,2023-07-30
14,1431,COURSE43,Quiz,96,2023-09-21
15,1258,COURSE40,Assignment,69,2024-06-03
16,1171,COURSE1,Assignment,74,2022-04-27
17,1498,COURSE50,Midterm,74,2022-08-25
18,1499,COURSE25,Midterm,77,2024-11-27
19,1187,COURSE32,Assignment,87,2021-09-25
20,1138,COURSE27,Midterm,72,2020-12-27
21,1085,COURSE39,Final Exam,65,2024-07-18
22,1393,COURSE34,Final Exam,83,2024-01-29
23,1024,COURSE41,Assignment,69,2023-03-08
24,1412,COURSE21,Quiz,89,2021-11-04
25,1418,COURSE16,Final Exam,91,2023-04-11
26,1449,COURSE27,Final Exam,75,2023-02-24
27,1127,COURSE11,Final Exam,93,2023-04-19
28,1351,COURSE10,Assignment,79,2021-06-19
29,1418,COURSE29,Quiz,83,2024-02-21
30,1007,COURSE34,Midterm,95,2024-02-29
31,1287,COURSE49,Midterm,89,2021-11-03
32,1454,COURSE47,Quiz,98,2022-01-09
33,1480,COURSE18,Final Exam,60,2022-09-06
34,1351,COURSE43,Quiz,84,2021-03-18
35,1437,COURSE18,Midterm,89,2023-06-21
36,1106,COURSE18,Midterm,69,2024-08-02
37,1264,COURSE41,Assignment,80,2023-03-01
38,1422,COURSE40,Quiz,77,2022-06-25
39,1058,COURSE23,Midterm,64,2023-08-07
40,1232,COURSE16,Assignment,84,2021-01-22
41,1102,COURSE37,Final Exam,87,2022-08-10
42,1273,COURSE43,Quiz,82,2023-06-15
43,1464,COURSE5,Midterm,64,2020-10-26
44,1397,COURSE2,Midterm,99,2023-09-08
45,1073,COURSE37,Midterm,98,2021-01-31
46,1453,COURSE13,Midterm,92,2021-04-22
47,1170,COURSE47,Final Exam,85,2024-09-18
48,1239,COURSE3,Quiz,71,2024-05-02
49,1457,COURSE45,Final Exam,69,2021-04-28
50,1447,COURSE36,Midterm,80,2021-11-20
51,1284,COURSE23,Quiz,62,2024-04-22
52,1048,COURSE3,Quiz,94,2021-09-01
53,1165,COURSE7,Quiz,63,2022-03-16
54,1056,COURSE15,Assignment,81,2024-10-22
55,1137,COURSE10,Midterm,64,2022-03-26
56,1145,COURSE1,Midterm,69,2022-02-25
57,1258,COURSE2,Final Exam,75,2022-03-18
58,1298,COURSE18,Final Exam,82,2021-07-14
59,1242,COURSE48,Midterm,87,2021-07-07
60,1400,COURSE38,Quiz,67,2024-03-20
61,1387,COURSE43,Midterm,98,2022-10-15
62,1044,COURSE43,Assignment,69,2024-10-21
63,1369,COURSE16,Midterm,100,2020-11-16
64,1036,COURSE25,Quiz,63,2022-11-07
65,1207,COURSE46,Assignment,88,2022-12-29
66,1205,COURSE41,Final Exam,63,2022-10-23
67,1219,COURSE49,Assignment,79,2024-10-15
68,1377,COURSE16,Final Exam,79,2020-12-29
69,1315,COURSE50,Quiz,70,2021-05-31
70,1015,COURSE46,Quiz,77,2020-01-17
71,1477,COURSE32,Final Exam,68,2023-06-23
72,1067,COURSE14,Assignment,89,2023-02-11
73,1026,COURSE2,Final Exam,90,2020-06-03
74,1479,COURSE49,Midterm,95,2023-09-08
75,1467,COURSE48,Quiz,62,2020-02-27
76,1371,COURSE32,Quiz,80,2024-01-16
77,1499,COURSE48,Assignment,70,2021-01-18
78,1257,COURSE46,Quiz,100,2020-09-07
79,1219,COURSE4,Assignment,66,2022-08-30
80,1356,COURSE50,Midterm,97,2021-11-29
81,1047,COURSE19,Quiz,67,2020-07-29
82,1012,COURSE33,Assignment,92,2021-04-15
83,1100,COURSE33,Quiz,69,2022-01-16
84,1166,COURSE7,Quiz,92,2021-09-01
85,1426,COURSE42,Assignment,86,2023-03-08
86,1374,COURSE39,Midterm,82,2022-03-17
87,1016,COURSE45,Final Exam,76,2021-03-17
88,1186,COURSE32,Assignment,81,2022-08-23
89,1019,COURSE15,Quiz,97,2023-11-05
90,1410,COURSE8,Final Exam,69,2022-07-09
91,1441,COURSE31,Assignment,72,2024-04-16
92,1121,COURSE28,Quiz,94,2023-04-03
93,1294,COURSE4,Assignment,64,2021-05-17
94,1123,COURSE42,Quiz,90,2022-11-06
95,1326,COURSE20,Final Exam,98,2023-08-05
96,1232,COURSE29,Midterm,65,2022-10-20
97,1409,COURSE43,Midterm,91,2024-10-31
98,1045,COURSE18,Final Exam,63,2023-10-02
99,1176,COURSE13,Midterm,70,2024-03-25
100,1400,COURSE21,Assignment,93,2023-10-12
101,1270,COURSE8,Assignment,60,2020-08-05
102,1146,COURSE15,Midterm,61,2024-05-12
103,1056,COURSE36,Midterm,70,2024-07-14
104,1135,COURSE3,Final Exam,74,2022-07-10
105,1190,COURSE41,Assignment,79,2020-08-17
106,1368,COURSE16,Quiz,92,2023-02-03
107,1069,COURSE40,Final Exam,80,2022-10-12
108,1370,COURSE46,Assignment,71,2022-04-13
109,1029,COURSE47,Assignment,100,2023-08-02
110,1399,COURSE22,Quiz,85,2023-02-22
111,1335,COURSE37,Assignment,67,2022-02-26
112,1487,COURSE34,Quiz,96,2024-03-10
113,1118,COURSE17,Quiz,82,2023-05-15
114,1414,COURSE39,Midterm,96,2024-07-08
115,1331,COURSE31,Quiz,80,2024-06-16
116,1163,COURSE45,Quiz,60,2023-09-20
117,1206,COURSE34,Midterm,75,2023-03-15
118,1165,COURSE13,Assignment,98,2024-04-23
119,1342,COURSE36,Midterm,90,2024-02-13
120,1030,COURSE5,Final Exam,82,2023-11-04
121,1438,COURSE12,Assignment,92,2023-05-18
122,1494,COURSE18,Quiz,72,2020-04-27
123,1348,COURSE49,Quiz,68,2020-04-02
124,1359,COURSE27,Final Exam,82,2021-07-14
125,1345,COURSE37,Midterm,84,2020-10-26
126,1060,COURSE11,Midterm,72,2020-04-27
127,1350,COURSE20,Midterm,74,2020-03-08
128,1243,COURSE18,Midterm,89,2020-08-05
129,1334,COURSE4,Midterm,61,2022-10-25
130,1449,COURSE15,Final Exam,95,2022-05-29
131,1088,COURSE17,Final Exam,93,2022-04-15
132,1135,COURSE42,Quiz,64,2022-11-20
133,1021,COURSE24,Midterm,65,2021-07-16
134,1264,COURSE41,Assignment,78,2020-10-21
135,1428,COURSE34,Midterm,67,2020-03-27
136,1053,COURSE8,Assignment,87,2024-02-20
137,1471,COURSE3,Final Exam,95,2020-08-08
138,1309,COURSE49,Final Exam,91,2024-08-08
139,1061,COURSE8,Midterm,89,2021-10-28
140,1439,COURSE14,Final Exam,84,2022-02-06
141,1224,COURSE9,Assignment,64,2021-07-23
142,1449,COURSE4,Quiz,74,2024-07-19
143,1315,COURSE47,Assignment,74,2024-01-19
144,1036,COURSE20,Midterm,87,2022-04-03
145,1257,COURSE38,Assignment,71,2022-07-19
146,1204,COURSE8,Assignment,64,2024-09-21
147,1244,COURSE35,Assignment,81,2020-10-22
148,1314,COURSE16,Midterm,78,2022-05-09
149,1431,COURSE9,Final Exam,68,2020-04-30
150,1195,COURSE17,Assignment,60,2020-09-08
151,1088,COURSE49,Final Exam,70,2020-08-18
152,1384,COURSE50,Assignment,64,2021-02-25
153,1201,COURSE11,Quiz,74,2022-12-05
154,1091,COURSE29,Assignment,85,2022-11-03
155,1158,COURSE10,Assignment,89,2023-10-22
156,1101,COURSE21,Quiz,90,2023-08-21
157,1255,COURSE23,Midterm,67,2023-06-09
158,1117,COURSE25,Assignment,85,2021-10-03
159,1447,COURSE46,Quiz,72,2020-09-22
160,1133,COURSE31,Quiz,82,2021-05-11
161,1056,COURSE6,Midterm,84,2020-02-10
162,1174,COURSE41,Midterm,99,2023-08-04
163,1232,COURSE25,Quiz,64,2024-07-21
164,1064,COURSE30,Quiz,93,2023-01-27
165,1048,COURSE36,Assignment,84,2024-05-05
166,1158,COURSE49,Final Exam,61,2023-05-21
167,1314,COURSE18,Assignment,78,2023-02-02
168,1273,COURSE47,Final Exam,76,2021-12-18
169,1335,COURSE40,Quiz,100,2021-05-02
170,1101,COURSE41,Midterm,84,2024-06-09
171,1008,COURSE10,Assignment,79,2021-07-20
172,1286,COURSE9,Assignment,100,2023-07-16
173,1169,COURSE14,Quiz,90,2024-08-27
174,1140,COURSE25,Midterm,87,2022-12-14
175,1191,COURSE32,Final Exam,96,2022-03-04
176,1060,COURSE23,Midterm,83,2020-01-17
177,1451,COURSE34,Quiz,63,2023-12-28
178,1329,COURSE8,Assignment,89,2020-09-29
179,1072,COURSE27,Assignment,73,2021-01-25
180,1129,COURSE34,Assignment,64,2020-05-03
181,1001,COURSE30,Quiz,67,2024-12-20
182,1349,COURSE43,Midterm,84,2021-03-27
183,1464,COURSE20,Midterm,96,2024-03-31
184,1072,COURSE17,Quiz,61,2023-10-24
185,1183,COURSE18,Assignment,92,2024-09-24
186,1043,COURSE13,Quiz,91,2022-04-11
187,1495,COURSE24,Midterm,72,2020-09-03
188,1240,COURSE3,Midterm,99,2023-08-24
189,1288,COURSE41,Midterm,78,2024-04-11
190,1394,COURSE33,Final Exam,60,2021-02-14
191,1345,COURSE21,Final Exam,95,2021-08-29
192,1206,COURSE42,Assignment,64,2021-05-31
193,1056,COURSE15,Final Exam,86,2024-11-04
194,1240,COURSE39,Assignment,76,2024-06-05
195,1021,COURSE50,Assignment,72,2024-12-22
196,1336,COURSE15,Midterm,72,2020-11-28
197,1330,COURSE50,Assignment,63,2023-05-31
198,1069,COURSE2,Midterm,72,2021-11-30
199,1102,COURSE13,Quiz,67,2023-09-23
200,1058,COURSE34,Final Exam,73,2024-09-15
201,1450,COURSE9,Final Exam,98,2020-07-06
202,1289,COURSE20,Midterm,85,2022-12-16
203,1070,COURSE29,Quiz,61,2021-11-16
204,1144,COURSE20,Quiz,62,2024-02-12
205,1151,COURSE19,Quiz,88,2020-10-19
206,1049,COURSE43,Final Exam,60,2022-05-03
207,1425,COURSE10,Final Exam,87,2021-09-25
208,1133,COURSE16,Quiz,85,2023-08-10
209,1059,COURSE30,Final Exam,87,2021-02-27
210,1461,COURSE21,Final Exam,67,2020-09-23
211,1485,COURSE11,Final Exam,73,2024-02-11
212,1210,COURSE41,Final Exam,78,2022-09-04
213,1027,COURSE3,Quiz,100,2024-06-09
214,1084,COURSE26,Final Exam,92,2022-03-15
215,1002,COURSE21,Assignment,82,2024-07-04
216,1092,COURSE34,Quiz,69,2023-12-08
217,1332,COURSE36,Quiz,85,2020-12-06
218,1070,COURSE31,Final Exam,93,2023-06-11
219,1031,COURSE29,Assignment,71,2020-10-05
220,1146,COURSE35,Assignment,69,2022-01-18
221,1440,COURSE48,Quiz,74,2021-05-25
222,1176,COURSE11,Midterm,84,2024-01-23
223,1394,COURSE1,Quiz,81,2023-11-18
224,1419,COURSE4,Assignment,80,2023-08-06
225,1384,COURSE34,Final Exam,61,2023-12-24
226,1427,COURSE50,Final Exam,70,2021-03-21
227,1240,COURSE20,Quiz,80,2020-04-22
228,1369,COURSE38,Assignment,89,2020-10-30
229,1386,COURSE17,Quiz,76,2023-04-03
230,1159,COURSE9,Quiz,79,2024-04-14
231,1080,COURSE31,Quiz,80,2021-06-17
232,1367,COURSE19,Quiz,85,2021-12-24
233,1432,COURSE16,Quiz,84,2022-09-26
234,1019,COURSE16,Final Exam,65,2022-08-13
235,1476,COURSE12,Midterm,71,2020-02-13
236,1272,COURSE27,Midterm,74,2022-01-19
237,1457,COURSE40,Assignment,92,2024-06-22
238,1362,COURSE27,Quiz,84,2020-09-12
239,1429,COURSE30,Final Exam,92,2020-08-29
240,1201,COURSE25,Final Exam,76,2024-12-10
241,1361,COURSE31,Final Exam,86,2022-09-15
242,1181,COURSE3,Assignment,66,2022-12-27
243,1456,COURSE43,Final Exam,76,2023-01-03
244,1407,COURSE45,Assignment,93,2022-09-12
245,1403,COURSE2,Midterm,61,2021-11-23
246,1271,COURSE43,Quiz,93,2020-05-22
247,1274,COURSE25,Quiz,73,2020-10-17
248,1487,COURSE13,Final Exam,69,2020-02-27
249,1023,COURSE17,Assignment,94,2020-03-02
250,1400,COURSE21,Final Exam,73,2022-10-18
251,1058,COURSE25,Assignment,67,2021-07-16
252,1070,COURSE24,Midterm,65,2023-12-11
253,1049,COURSE13,Quiz,99,2024-01-21
254,1310,COURSE42,Quiz,95,2021-07-30
255,1147,COURSE49,Final Exam,82,2024-02-03
256,1024,COURSE47,Assignment,70,2020-05-09
257,1055,COURSE6,Assignment,79,2020-06-21
258,1173,COURSE22,Quiz,89,2024-10-02
259,1391,COURSE6,Midterm,81,2021-05-23
260,1308,COURSE49,Assignment,100,2020-08-24
261,1145,COURSE25,Quiz,69,2020-07-28
262,1385,COURSE17,Midterm,90,2023-06-09
263,1014,COURSE40,Final Exam,94,2022-03-23
264,1235,COURSE8,Final Exam,61,2023-06-21
265,1388,COURSE19,Final Exam,86,2023-02-07
266,1069,COURSE12,Midterm,86,2020-02-03
267,1087,COURSE7,Assignment,81,2021-08-22
268,1370,COURSE43,Final Exam,67,2024-05-31
269,1098,COURSE22,Midterm,69,2020-07-30
270,1353,COURSE8,Assignment,66,2021-01-19
271,1102,COURSE9,Midterm,77,2021-02-02
272,1391,COURSE12,Quiz,99,2023-08-18
273,1409,COURSE49,Quiz,82,2021-10-14
274,1406,COURSE30,Midterm,68,2023-02-09
275,1112,COURSE40,Assignment,92,2020-10-19
276,1224,COURSE4,Final Exam,68,2024-08-28
277,1279,COURSE1,Quiz,78,2024-08-15
278,1339,COURSE47,Assignment,86,2021-02-16
279,1154,COURSE23,Final Exam,65,2020-12-19
280,1349,COURSE45,Assignment,78,2020-02-05
281,1281,COURSE10,Quiz,94,2023-04-25
282,1494,COURSE43,Final Exam,64,2021-06-22
283,1432,COURSE5,Assignment,71,2023-06-01
284,1179,COURSE9,Midterm,78,2020-06-05
285,1329,COURSE21,Quiz,65,2024-01-14
286,1236,COURSE21,Final Exam,93,2023-03-03
287,1232,COURSE21,Quiz,69,2024-09-06
288,1071,COURSE17,Assignment,61,2020-11-08
289,1428,COURSE12,Quiz,85,2021-02-14
290,1404,COURSE3,Assignment,63,2022-05-26
291,1125,COURSE39,Midterm,97,2022-01-12
292,1433,COURSE28,Assignment,62,2024-08-25
293,1008,COURSE43,Final Exam,67,2023-01-26
294,1227,COURSE20,Quiz,73,2021-07-27
295,1327,COURSE21,Final Exam,74,2022-09-05
296,1420,COURSE7,Quiz,89,2022-03-31
297,1326,COURSE14,Assignment,77,2020-03-25
298,1118,COURSE48,Assignment,95,2024-01-31
299,1108,COURSE16,Final Exam,92,2023-09-05
300,1228,COURSE8,Final Exam,99,2020-04-22
301,1144,COURSE31,Assignment,83,2020-04-10
302,1312,COURSE4,Assignment,67,2022-02-04
303,1427,COURSE4,Assignment,98,2022-01-21
304,1158,COURSE29,Quiz,98,2020-04-26
305,1279,COURSE9,Quiz,92,2024-12-18
306,1122,COURSE29,Midterm,61,2023-09-25
307,1114,COURSE31,Final Exam,98,2024-09-21
308,1275,COURSE37,Quiz,80,2020-11-06
309,1150,COURSE16,Quiz,70,2020-08-27
310,1307,COURSE16,Midterm,77,2020-09-13
311,1401,COURSE37,Final Exam,74,2021-09-14
312,1315,COURSE37,Midterm,63,2021-08-19
313,1204,COURSE41,Assignment,68,2021-02-10
314,1091,COURSE23,Assignment,81,2024-03-28
315,1412,COURSE29,Assignment,74,2021-08-28
316,1020,COURSE46,Quiz,86,2024-01-28
317,1134,COURSE19,Midterm,68,2022-01-27
318,1200,COURSE22,Quiz,69,2022-04-28
319,1172,COURSE26,Midterm,94,2023-10-16
320,1047,COURSE5,Assignment,74,2024-07-12
321,1140,COURSE16,Midterm,90,2023-09-23
322,1093,COURSE46,Quiz,94,2021-07-11
323,1075,COURSE49,Final Exam,73,2021-10-22
324,1141,COURSE41,Midterm,70,2020-08-27
325,1260,COURSE41,Quiz,88,2021-02-20
326,1373,COURSE11,Midterm,80,2024-09-25
327,1159,COURSE50,Final Exam,84,2021-10-28
328,1096,COURSE45,Midterm,88,2022-11-20
329,1127,COURSE45,Quiz,81,2022-06-02
330,1322,COURSE15,Quiz,75,2024-02-06
331,1269,COURSE1,Quiz,73,2024-01-14
332,1061,COURSE9,Midterm,62,2023-11-21
333,1070,COURSE26,Assignment,85,2022-01-06
334,1043,COURSE19,Midterm,68,2021-10-16
335,1431,COURSE50,Midterm,63,2021-11-13
336,1469,COURSE34,Final Exam,65,2024-09-30
337,1399,COURSE42,Assignment,88,2023-05-24
338,1191,COURSE1,Final Exam,83,2020-07-25
339,1496,COURSE29,Final Exam,75,2023-09-21
340,1139,COURSE21,Assignment,66,2023-06-27
341,1249,COURSE26,Midterm,97,2021-08-14
342,1011,COURSE43,Quiz,92,2022-04-30
343,1087,COURSE5,Midterm,73,2020-12-14
344,1184,COURSE7,Midterm,99,2024-01-11
345,1002,COURSE46,Midterm,67,2024-06-25
346,1275,COURSE11,Final Exam,69,2023-02-24
347,1295,COURSE3,Final Exam,91,2020-02-09
348,1021,COURSE8,Midterm,85,2020-05-17
349,1120,COURSE22,Final Exam,66,2024-01-11
350,1132,COURSE23,Final Exam,67,2023-02-07
351,1002,COURSE19,Quiz,67,2024-09-16
352,1456,COURSE41,Quiz,89,2022-07-10
353,1130,COURSE37,Quiz,61,2024-04-02
354,1428,COURSE2,Assignment,93,2023-04-02
355,1234,COURSE5,Quiz,66,2023-08-03
356,1198,COURSE2,Final Exam,63,2024-06-15
357,1395,COURSE3,Quiz,64,2023-10-16
358,1115,COURSE12,Final Exam,76,2022-03-02
359,1335,COURSE11,Assignment,77,2024-09-21
360,1345,COURSE39,Quiz,76,2024-08-07
361,1066,COURSE20,Final Exam,64,2022-10-03
362,1375,COURSE50,Final Exam,94,2020-05-21
363,1023,COURSE18,Assignment,66,2021-11-15
364,1286,COURSE31,Assignment,94,2022-05-19
365,1149,COURSE48,Quiz,87,2024-09-11
366,1148,COURSE10,Quiz,74,2022-04-12
367,1179,COURSE50,Midterm,66,2021-09-29
368,1172,COURSE26,Midterm,88,2021-05-25
369,1131,COURSE31,Final Exam,73,2023-08-12
370,1043,COURSE39,Assignment,83,2022-06-17
371,1444,COURSE50,Quiz,66,2024-01-06
372,1144,COURSE21,Midterm,67,2022-06-19
373,1055,COURSE4,Midterm,77,2024-02-18
374,1468,COURSE39,Assignment,98,2020-11-29
375,1451,COURSE44,Quiz,90,2021-02-28
376,1091,COURSE9,Quiz,96,2023-04-07
377,1076,COURSE44,Quiz,72,2023-01-23
378,1444,COURSE44,Final Exam,92,2024-02-20
379,1228,COURSE9,Quiz,63,2022-11-03
380,1016,COURSE36,Final Exam,84,2020-09-01
381,1155,COURSE15,Midterm,95,2023-11-16
382,1290,COURSE21,Quiz,72,2024-07-16
383,1349,COURSE19,Midterm,66,2024-08-28
384,1422,COURSE50,Quiz,68,2020-07-13
385,1254,COURSE30,Assignment,82,2021-06-27
386,1264,COURSE4,Final Exam,98,2021-04-11
387,1161,COURSE35,Final Exam,82,2022-02-09
388,1284,COURSE2,Final Exam,90,2022-05-21
389,1232,COURSE32,Assignment,81,2024-07-02
390,1045,COURSE50,Quiz,84,2023-05-04
391,1471,COURSE2,Assignment,95,2023-09-01
392,1481,COURSE23,Final Exam,87,2021-03-15
393,1341,COURSE14,Assignment,92,2024-12-04
394,1267,COURSE45,Assignment,98,2020-07-29
395,1476,COURSE18,Assignment,81,2021-01-11
396,1488,COURSE28,Quiz,74,2023-01-21
397,1119,COURSE21,Assignment,63,2023-06-26
398,1255,COURSE21,Quiz,90,2020-04-27
399,1143,COURSE36,Assignment,79,2022-12-20
400,1262,COURSE47,Final Exam,83,2023-01-18
401,1489,COURSE25,Midterm,76,2024-08-12
402,1105,COURSE13,Quiz,89,2021-11-14
403,1082,COURSE12,Quiz,85,2022-08-31
404,1298,COURSE33,Assignment,65,2020-05-30
405,1068,COURSE18,Assignment,72,2023-05-12
406,1332,COURSE11,Quiz,76,2023-07-31
407,1269,COURSE4,Midterm,87,2023-10-04
408,1037,COURSE30,Final Exam,70,2021-04-13
409,1471,COURSE13,Midterm,74,2020-01-28
410,1036,COURSE16,Assignment,66,2022-01-09
411,1312,COURSE8,Quiz,79,2021-05-11
412,1071,COURSE6,Assignment,67,2020-08-24
413,1323,COURSE27,Final Exam,82,2021-10-15
414,1058,COURSE39,Quiz,100,2023-07-05
415,1070,COURSE32,Final Exam,85,2020-03-16
416,1124,COURSE2,Assignment,86,2020-02-26
417,1461,COURSE32,Midterm,63,2022-09-14
418,1194,COURSE40,Final Exam,82,2021-11-24
419,1311,COURSE7,Final Exam,98,2022-05-04
420,1294,COURSE24,Quiz,66,2020-02-18
421,1414,COURSE46,Quiz,69,2023-11-21
422,1233,COURSE18,Assignment,68,2024-08-03
423,1485,COURSE3,Final Exam,92,2022-09-10
424,1038,COURSE13,Midterm,95,2024-02-27
425,1358,COURSE26,Assignment,98,2023-03-24
426,1468,COURSE4,Assignment,79,2022-08-15
427,1055,COURSE37,Quiz,66,2021-01-18
428,1003,COURSE27,Assignment,94,2024-09-17
429,1333,COURSE5,Assignment,85,2020-10-21
430,1286,COURSE29,Assignment,69,2022-01-26
431,1438,COURSE1,Final Exam,100,2023-02-04
432,1370,COURSE42,Quiz,97,2023-08-15
433,1292,COURSE8,Quiz,63,2020-07-18
434,1245,COURSE8,Final Exam,91,2023-07-01
435,1049,COURSE22,Midterm,81,2023-08-12
436,1165,COURSE21,Final Exam,84,2024-08-04
437,1415,COURSE1,Midterm,97,2023-06-05
438,1111,COURSE50,Assignment,77,2024-02-16
439,1056,COURSE6,Midterm,60,2020-06-25
440,1107,COURSE6,Midterm,69,2022-08-06
441,1341,COURSE17,Assignment,88,2022-09-15
442,1031,COURSE30,Assignment,66,2024-05-18
443,1032,COURSE49,Assignment,77,2021-04-29
444,1043,COURSE2,Quiz,81,2021-08-07
445,1013,COURSE39,Midterm,71,2020-07-23
446,1107,COURSE6,Final Exam,89,2024-03-17
447,1266,COURSE14,Midterm,67,2023-07-16
448,1494,COURSE9,Midterm,85,2023-10-13
449,1148,COURSE28,Final Exam,79,2020-04-10
450,1407,COURSE45,Assignment,82,2021-07-06
451,1251,COURSE7,Midterm,70,2023-01-16
452,1090,COURSE50,Midterm,75,2023-10-15
453,1402,COURSE42,Assignment,96,2023-09-24
454,1145,COURSE48,Midterm,65,2020-09-06
455,1192,COURSE5,Assignment,80,2020-08-04
456,1182,COURSE22,Quiz,67,2022-04-01
457,1248,COURSE27,Quiz,60,2020-06-09
458,1058,COURSE12,Final Exam,100,2020-03-23
459,1095,COURSE41,Quiz,92,2021-09-01
460,1140,COURSE29,Midterm,90,2020-04-15
461,1002,COURSE1,Midterm,74,2023-11-30
462,1142,COURSE16,Final Exam,66,2020-03-02
463,1403,COURSE33,Final Exam,75,2023-06-14
464,1387,COURSE18,Final Exam,69,2021-06-04
465,1344,COURSE2,Final Exam,73,2023-11-20
466,1124,COURSE5,Final Exam,66,2022-04-02
467,1254,COURSE8,Final Exam,72,2021-09-12
468,1040,COURSE6,Midterm,60,2023-02-10
469,1402,COURSE35,Quiz,81,2020-06-01
470,1073,COURSE9,Final Exam,75,2023-03-07
471,1030,COURSE28,Quiz,63,2020-02-06
472,1191,COURSE40,Midterm,82,2023-07-27
473,1338,COURSE9,Midterm,77,2020-04-02
474,1288,COURSE18,Midterm,70,2020-02-19
475,1002,COURSE47,Assignment,94,2021-09-28
476,1206,COURSE35,Final Exam,65,2023-08-11
477,1144,COURSE41,Quiz,92,2022-12-10
478,1162,COURSE27,Quiz,72,2024-11-01
479,1206,COURSE20,Midterm,100,2023-09-28
480,1296,COURSE44,Final Exam,65,2020-11-08
481,1098,COURSE37,Final Exam,89,2021-02-20
482,1326,COURSE10,Quiz,60,2022-05-25
483,1370,COURSE37,Final Exam,76,2023-04-03
484,1331,COURSE20,Final Exam,83,2022-04-09
485,1232,COURSE12,Final Exam,84,2021-01-25
486,1277,COURSE11,Quiz,71,2021-12-17
487,1056,COURSE31,Assignment,64,2021-01-28
488,1194,COURSE11,Final Exam,76,2020-02-29
489,1484,COURSE46,Assignment,64,2024-07-09
490,1154,COURSE44,Assignment,83,2022-07-01
491,1009,COURSE35,Quiz,64,2021-09-15
492,1267,COURSE9,Quiz,80,2022-12-06
493,1287,COURSE2,Midterm,66,2022-03-22
494,1353,COURSE19,Assignment,67,2021-07-27
495,1143,COURSE35,Assignment,95,2021-10-16
496,1362,COURSE37,Midterm,67,2024-08-19
497,1135,COURSE35,Assignment,95,2023-06-13
498,1202,COURSE35,Assignment,79,2021-02-15
499,1260,COURSE49,Assignment,85,2021-05-05
500,1425,COURSE10,Final Exam,63,2022-01-04
501,1164,COURSE27,Final Exam,93,2023-11-08
502,1469,COURSE10,Quiz,81,2024-06-18
503,1324,COURSE2,Midterm,87,2022-07-04
504,1476,COURSE26,Quiz,71,2023-02-08
505,1399,COURSE27,Quiz,94,2024-11-23
506,1147,COURSE32,Midterm,78,2024-11-03
507,1094,COURSE2,Quiz,68,2024-01-14
508,1251,COURSE2,Quiz,77,2020-11-15
509,1481,COURSE15,Assignment,99,2022-08-19
510,1367,COURSE47,Quiz,72,2022-05-26
511,1367,COURSE20,Assignment,90,2020-11-14
512,1196,COURSE36,Quiz,90,2021-10-08
513,1253,COURSE40,Quiz,82,2021-10-02
514,1264,COURSE22,Assignment,75,2022-06-02
515,1094,COURSE40,Midterm,78,2024-01-16
516,1174,COURSE17,Final Exam,63,2021-12-02
517,1036,COURSE6,Final Exam,87,2021-11-03
518,1054,COURSE1,Assignment,63,2021-11-15
519,1140,COURSE19,Midterm,90,2024-08-20
520,1119,COURSE20,Final Exam,87,2022-01-16
521,1111,COURSE1,Quiz,86,2024-08-14
522,1338,COURSE33,Midterm,95,2024-05-07
523,1321,COURSE16,Midterm,66,2024-08-25
524,1496,COURSE49,Quiz,61,2022-10-19
525,1002,COURSE44,Assignment,98,2022-02-09
526,1299,COURSE43,Assignment,97,2021-10-07
527,1337,COURSE45,Quiz,94,2024-05-23
528,1040,COURSE1,Final Exam,61,2024-06-06
529,1408,COURSE3,Assignment,83,2020-11-26
530,1443,COURSE16,Assignment,98,2020-07-15
531,1272,COURSE38,Midterm,69,2023-07-04
532,1193,COURSE13,Final Exam,60,2023-06-06
533,1287,COURSE7,Assignment,98,2021-07-06
534,1109,COURSE26,Midterm,97,2024-09-16
535,1374,COURSE13,Midterm,86,2023-06-20
536,1190,COURSE39,Quiz,92,2022-10-15
537,1042,COURSE33,Final Exam,87,2022-03-25
538,1301,COURSE34,Final Exam,65,2022-11-09
539,1404,COURSE19,Quiz,96,2024-09-23
540,1220,COURSE28,Final Exam,63,2022-01-20
541,1061,COURSE43,Quiz,68,2023-12-15
542,1248,COURSE34,Midterm,92,2021-06-13
543,1246,COURSE25,Midterm,66,2022-08-23
544,1489,COURSE21,Midterm,65,2021-01-02
545,1166,COURSE50,Assignment,78,2023-06-03
546,1021,COURSE25,Midterm,72,2024-07-09
547,1375,COURSE49,Midterm,64,2024-09-21
548,1271,COURSE39,Assignment,73,2020-07-10
549,1438,COURSE6,Quiz,93,2020-06-01
550,1354,COURSE29,Quiz,62,2023-07-21
551,1128,COURSE22,Final Exam,98,2024-01-04
552,1185,COURSE31,Assignment,70,2024-03-23
553,1321,COURSE2,Quiz,80,2022-12-10
554,1269,COURSE30,Midterm,93,2024-06-08
555,1169,COURSE34,Midterm,79,2023-11-02
556,1015,COURSE19,Final Exam,86,2021-05-27
557,1273,COURSE21,Midterm,75,2020-07-27
558,1376,COURSE47,Midterm,92,2024-05-02
559,1138,COURSE28,Assignment,70,2023-08-14
560,1183,COURSE27,Midterm,80,2023-11-12
561,1192,COURSE44,Quiz,62,2024-03-24
562,1295,COURSE42,Final Exam,100,2020-10-26
563,1025,COURSE36,Midterm,95,2021-12-13
564,1212,COURSE6,Midterm,75,2022-09-15
565,1425,COURSE8,Quiz,100,2023-09-09
566,1286,COURSE37,Assignment,76,2024-02-24
567,1102,COURSE41,Midterm,65,2024-04-08
568,1149,COURSE13,Quiz,89,2024-03-24
569,1170,COURSE35,Final Exam,79,2022-10-29
570,1027,COURSE49,Midterm,69,2023-07-04
571,1368,COURSE48,Quiz,78,2022-01-19
572,1272,COURSE23,Midterm,86,2024-06-28
573,1284,COURSE42,Midterm,77,2022-05-30
574,1241,COURSE33,Final Exam,87,2020-03-15
575,1358,COURSE49,Quiz,64,2020-11-13
576,1045,COURSE41,Final Exam,76,2022-01-20
577,1403,COURSE40,Assignment,63,2022-06-01
578,1377,COURSE27,Quiz,91,2023-07-08
579,1466,COURSE41,Assignment,81,2020-03-25
580,1320,COURSE10,Midterm,78,2021-02-27
581,1296,COURSE21,Quiz,63,2023-04-24
582,1162,COURSE14,Midterm,81,2022-02-26
583,1068,COURSE12,Midterm,80,2023-04-26
584,1063,COURSE18,Midterm,74,2024-01-25
585,1281,COURSE42,Midterm,61,2024-10-18
586,1123,COURSE43,Quiz,60,2021-03-29
587,1340,COURSE4,Final Exam,81,2020-06-21
588,1343,COURSE12,Assignment,95,2021-05-21
589,1207,COURSE50,Final Exam,79,2023-03-01
590,1178,COURSE49,Final Exam,82,2021-04-24
591,1440,COURSE27,Quiz,77,2022-09-16
592,1143,COURSE18,Quiz,79,2023-04-25
593,1134,COURSE26,Assignment,85,2022-04-14
594,1414,COURSE27,Quiz,86,2023-03-27
595,1346,COURSE43,Midterm,63,2024-12-25
596,1102,COURSE18,Quiz,81,2024-07-18
597,1241,COURSE17,Assignment,68,2023-07-19
598,1431,COURSE1,Quiz,82,2020-08-10
599,1063,COURSE38,Quiz,68,2024-11-23
600,1195,COURSE37,Assignment,91,2021-07-03
601,1257,COURSE35,Assignment,90,2021-01-14
602,1102,COURSE6,Quiz,100,2020-04-25
603,1409,COURSE47,Final Exam,69,2023-08-12
604,1189,COURSE3,Assignment,80,2021-03-24
605,1086,COURSE41,Assignment,64,2021-08-31
606,1111,COURSE23,Quiz,86,2021-04-15
607,1298,COURSE42,Midterm,76,2020-11-14
608,1248,COURSE2,Final Exam,91,2021-01-02
609,1290,COURSE6,Final Exam,71,2024-03-22
610,1397,COURSE47,Midterm,83,2021-11-21
611,1006,COURSE50,Midterm,96,2020-04-05
612,1285,COURSE18,Final Exam,69,2023-02-02
613,1413,COURSE26,Midterm,79,2021-09-24
614,1297,COURSE5,Assignment,100,2023-06-29
615,1365,COURSE43,Midterm,71,2021-04-09
616,1216,COURSE10,Final Exam,65,2023-01-03
617,1224,COURSE1,Midterm,80,2021-04-11
618,1491,COURSE42,Assignment,94,2020-05-15
619,1352,COURSE35,Assignment,74,2023-10-17
620,1356,COURSE20,Assignment,65,2022-11-21
621,1336,COURSE5,Assignment,98,2023-03-01
622,1294,COURSE28,Midterm,68,2021-11-15
623,1376,COURSE35,Assignment,84,2024-04-07
624,1289,COURSE39,Final Exam,96,2024-11-24
625,1396,COURSE3,Assignment,73,2020-02-17
626,1486,COURSE23,Assignment,70,2021-03-25
627,1175,COURSE26,Assignment,65,2021-09-26
628,1488,COURSE6,Assignment,78,2022-09-15
629,1156,COURSE11,Midterm,94,2024-09-13
630,1216,COURSE50,Midterm,89,2023-01-09
631,1491,COURSE19,Quiz,100,2024-06-20
632,1143,COURSE5,Midterm,84,2024-03-08
633,1185,COURSE4,Quiz,82,2024-10-01
634,1094,COURSE44,Midterm,67,2022-05-27
635,1151,COURSE47,Quiz,79,2024-02-10
636,1358,COURSE7,Assignment,78,2020-10-10
637,1068,COURSE4,Quiz,75,2020-03-27
638,1194,COURSE48,Assignment,92,2021-10-06
639,1231,COURSE22,Assignment,74,2022-09-07
640,1340,COURSE7,Quiz,63,2024-08-18
641,1382,COURSE28,Assignment,74,2020-04-09
642,1160,COURSE11,Final Exam,73,2020-05-21
643,1461,COURSE8,Final Exam,62,2020-06-10
644,1416,COURSE2,Midterm,63,2021-09-15
645,1212,COURSE31,Assignment,87,2024-12-02
646,1435,COURSE33,Midterm,89,2020-02-13
647,1229,COURSE9,Assignment,68,2024-08-18
648,1450,COURSE12,Assignment,83,2024-11-14
649,1313,COURSE17,Final Exam,64,2020-01-04
650,1101,COURSE4,Quiz,96,2024-11-16
651,1107,COURSE27,Midterm,97,2022-09-09
652,1275,COURSE31,Final Exam,66,2024-10-01
653,1111,COURSE47,Final Exam,79,2024-12-02
654,1494,COURSE49,Final Exam,79,2023-03-25
655,1475,COURSE25,Final Exam,71,2020-02-20
656,1479,COURSE22,Assignment,66,2022-10-12
657,1242,COURSE45,Midterm,81,2023-08-11
658,1188,COURSE17,Quiz,79,2020-04-09
659,1084,COURSE45,Quiz,88,2024-08-20
660,1494,COURSE21,Final Exam,89,2021-09-12
661,1289,COURSE32,Midterm,95,2020-05-02
662,1188,COURSE14,Midterm,99,2022-01-23
663,1134,COURSE10,Quiz,67,2020-08-23
664,1196,COURSE4,Final Exam,73,2023-01-07
665,1153,COURSE41,Final Exam,79,2023-06-06
666,1461,COURSE20,Assignment,91,2020-09-09
667,1125,COURSE13,Midterm,98,2021-09-13
668,1064,COURSE6,Midterm,78,2020-02-27
669,1367,COURSE20,Assignment,69,2024-07-03
670,1308,COURSE24,Assignment,64,2022-09-09
671,1154,COURSE49,Final Exam,87,2022-01-20
672,1461,COURSE46,Quiz,68,2024-07-29
673,1241,COURSE26,Final Exam,68,2024-10-17
674,1142,COURSE41,Quiz,76,2022-09-14
675,1300,COURSE25,Quiz,96,2021-10-01
676,1377,COURSE21,Quiz,80,2024-08-13
677,1341,COURSE50,Midterm,85,2023-12-17
678,1478,COURSE33,Assignment,91,2020-03-17
679,1186,COURSE7,Assignment,73,2023-02-14
680,1052,COURSE48,Final Exam,63,2020-12-16
681,1277,COURSE21,Midterm,82,2024-03-16
682,1376,COURSE13,Assignment,64,2022-02-26
683,1050,COURSE37,Quiz,98,2020-07-17
684,1092,COURSE7,Quiz,72,2023-06-29
685,1364,COURSE26,Midterm,77,2022-12-17
686,1129,COURSE27,Assignment,94,2023-09-18
687,1134,COURSE8,Final Exam,91,2023-03-20
688,1180,COURSE30,Assignment,100,2023-05-22
689,1348,COURSE19,Midterm,70,2024-09-14
690,1277,COURSE28,Assignment,79,2024-01-10
691,1121,COURSE13,Final Exam,83,2021-09-26
692,1295,COURSE12,Final Exam,100,2022-11-04
693,1195,COURSE22,Assignment,75,2023-05-07
694,1304,COURSE14,Quiz,83,2020-08-11
695,1478,COURSE29,Midterm,99,2020-07-15
696,1294,COURSE5,Assignment,92,2021-06-20
697,1044,COURSE45,Midterm,88,2024-09-02
698,1065,COURSE20,Midterm,92,2023-02-13
699,1405,COURSE1,Midterm,92,2023-12-23
700,1233,COURSE13,Midterm,77,2022-03-16
701,1015,COURSE33,Quiz,92,2022-10-08
702,1054,COURSE21,Midterm,74,2024-01-04
703,1448,COURSE43,Midterm,65,2023-07-29
704,1038,COURSE5,Assignment,80,2024-01-01
705,1245,COURSE2,Midterm,65,2020-01-31
706,1400,COURSE24,Quiz,78,2021-07-15
707,1109,COURSE49,Midterm,81,2023-05-12
708,1412,COURSE42,Midterm,88,2020-03-23
709,1325,COURSE24,Quiz,100,2024-12-02
710,1277,COURSE36,Final Exam,68,2024-03-12
711,1465,COURSE5,Midterm,77,2020-01-17
712,1203,COURSE1,Quiz,100,2022-08-03
713,1141,COURSE17,Midterm,68,2020-06-15
714,1450,COURSE47,Quiz,69,2023-04-09
715,1163,COURSE10,Assignment,87,2023-03-18
716,1162,COURSE33,Assignment,84,2020-02-13
717,1495,COURSE13,Final Exam,79,2020-02-27
718,1246,COURSE18,Midterm,78,2020-02-23
719,1404,COURSE20,Assignment,97,2021-11-19
720,1153,COURSE12,Final Exam,93,2020-06-18
721,1307,COURSE36,Assignment,69,2024-07-07
722,1042,COURSE20,Midterm,75,2024-07-25
723,1444,COURSE19,Assignment,64,2020-12-31
724,1274,COURSE21,Final Exam,69,2020-09-04
725,1055,COURSE4,Assignment,62,2023-11-14
726,1027,COURSE15,Assignment,87,2024-06-14
727,1012,COURSE22,Final Exam,95,2022-04-17
728,1446,COURSE16,Final Exam,67,2023-02-15
729,1159,COURSE25,Final Exam,69,2021-11-22
730,1055,COURSE33,Midterm,71,2023-05-18
731,1268,COURSE25,Midterm,83,2022-03-13
732,1035,COURSE20,Final Exam,74,2024-11-05
733,1239,COURSE50,Final Exam,74,2021-10-26
734,1112,COURSE40,Final Exam,61,2023-07-02
735,1465,COURSE39,Final Exam,77,2024-06-05
736,1113,COURSE35,Final Exam,77,2021-05-09
737,1194,COURSE28,Quiz,65,2024-11-27
738,1258,COURSE33,Final Exam,62,2024-01-20
739,1472,COURSE20,Final Exam,87,2021-08-01
740,1042,COURSE20,Quiz,68,2023-12-07
741,1352,COURSE19,Final Exam,63,2023-06-16
742,1117,COURSE26,Final Exam,97,2023-01-26
743,1033,COURSE35,Final Exam,64,2023-11-06
744,1009,COURSE14,Final Exam,87,2024-03-14
745,1467,COURSE11,Quiz,64,2021-01-18
746,1100,COURSE13,Quiz,66,2020-01-31
747,1134,COURSE16,Assignment,67,2023-05-05
748,1080,COURSE24,Assignment,73,2024-04-28
749,1090,COURSE1,Assignment,93,2021-04-20
750,1412,COURSE30,Final Exam,68,2023-11-29
751,1393,COURSE13,Assignment,78,2024-08-25
752,1452,COURSE42,Midterm,100,2024-04-04
753,1455,COURSE3,Quiz,67,2024-06-16
754,1476,COURSE18,Assignment,89,2020-01-26
755,1198,COURSE23,Midterm,75,2024-05-23
756,1253,COURSE25,Quiz,61,2024-12-24
757,1146,COURSE5,Assignment,73,2020-09-14
758,1137,COURSE25,Quiz,75,2022-06-19
759,1305,COURSE12,Quiz,87,2023-04-24
760,1053,COURSE1,Assignment,80,2022-12-23
761,1448,COURSE24,Assignment,71,2022-11-15
762,1286,COURSE27,Quiz,72,2022-08-25
763,1497,COURSE26,Final Exam,71,2022-11-02
764,1029,COURSE3,Quiz,71,2020-07-13
765,1428,COURSE13,Final Exam,79,2024-08-04
766,1301,COURSE27,Midterm,64,2022-03-21
767,1150,COURSE16,Quiz,64,2022-07-06
768,1189,COURSE11,Midterm,74,2024-09-21
769,1057,COURSE8,Midterm,81,2024-10-20
770,1194,COURSE33,Quiz,72,2021-09-26
771,1497,COURSE24,Midterm,74,2020-07-17
772,1456,COURSE22,Assignment,87,2022-10-07
773,1125,COURSE38,Assignment,90,2023-10-31
774,1060,COURSE35,Final Exam,83,2023-11-26
775,1042,COURSE3,Quiz,94,2020-06-01
776,1121,COURSE12,Quiz,80,2022-09-30
777,1148,COURSE4,Assignment,62,2024-09-14
778,1331,COURSE26,Midterm,81,2020-03-26
779,1043,COURSE45,Quiz,99,2020-07-14
780,1037,COURSE5,Quiz,95,2020-02-27
781,1462,COURSE16,Midterm,64,2022-07-11
782,1249,COURSE8,Assignment,74,2024-01-12
783,1144,COURSE27,Midterm,98,2021-08-06
784,1172,COURSE2,Quiz,91,2022-02-22
785,1196,COURSE5,Assignment,75,2020-12-05
786,1206,COURSE44,Quiz,79,2021-03-14
787,1389,COURSE1,Final Exam,86,2023-01-30
788,1083,COURSE28,Midterm,87,2020-02-21
789,1171,COURSE42,Midterm,67,2021-07-17
790,1291,COURSE19,Midterm,80,2023-06-02
791,1225,COURSE22,Assignment,92,2023-01-10
792,1409,COURSE30,Midterm,67,2024-06-01
793,1493,COURSE22,Assignment,98,2021-02-25
794,1043,COURSE47,Quiz,68,2024-04-15
795,1174,COURSE2,Assignment,81,2020-07-31
796,1307,COURSE40,Midterm,88,2020-02-11
797,1030,COURSE15,Assignment,99,2020-02-05
798,1376,COURSE32,Midterm,80,2023-03-08
799,1023,COURSE4,Final Exam,72,2022-02-23
800,1257,COURSE12,Quiz,61,2023-01-01
801,1211,COURSE33,Midterm,83,2022-05-31
802,1403,COURSE20,Assignment,87,2021-07-16
803,1246,COURSE20,Assignment,71,2024-01-11
804,1334,COURSE35,Quiz,66,2022-12-17
805,1436,COURSE39,Midterm,64,2024-02-20
806,1021,COURSE41,Midterm,84,2021-12-13
807,1049,COURSE26,Assignment,88,2022-02-13
808,1403,COURSE47,Midterm,82,2021-10-15
809,1101,COURSE22,Assignment,96,2023-05-14
810,1148,COURSE43,Final Exam,77,2021-08-17
811,1327,COURSE50,Assignment,60,2022-09-19
812,1395,COURSE9,Final Exam,84,2024-01-13
813,1205,COURSE18,Assignment,77,2023-04-04
814,1316,COURSE32,Final Exam,68,2020-11-10
815,1342,COURSE41,Midterm,76,2020-09-17
816,1449,COURSE1,Quiz,63,2020-11-06
817,1239,COURSE23,Quiz,66,2022-04-04
818,1278,COURSE5,Midterm,73,2020-01-15
819,1048,COURSE29,Midterm,94,2020-11-15
820,1167,COURSE38,Quiz,85,2024-10-12
821,1037,COURSE3,Midterm,90,2020-05-18
822,1321,COURSE40,Quiz,66,2022-05-15
823,1307,COURSE23,Final Exam,62,2020-11-18
824,1044,COURSE33,Assignment,84,2024-08-25
825,1128,COURSE31,Final Exam,75,2021-09-29
826,1164,COURSE32,Midterm,89,2022-10-28
827,1400,COURSE22,Quiz,84,2023-11-16
828,1057,COURSE5,Midterm,86,2024-09-14
829,1438,COURSE49,Quiz,71,2024-12-15
830,1013,COURSE15,Final Exam,74,2024-01-21
831,1154,COURSE4,Midterm,84,2022-02-06
832,1307,COURSE10,Final Exam,85,2023-08-07
833,1129,COURSE4,Final Exam,65,2023-09-20
834,1451,COURSE50,Quiz,100,2024-03-29
835,1449,COURSE30,Assignment,75,2023-07-28
836,1377,COURSE21,Final Exam,92,2024-08-01
837,1351,COURSE37,Final Exam,95,2021-09-10
838,1015,COURSE36,Final Exam,62,2020-05-24
839,1375,COURSE23,Assignment,96,2022-06-23
840,1208,COURSE39,Quiz,62,2020-03-01
841,1139,COURSE5,Quiz,61,2021-11-28
842,1431,COURSE41,Quiz,87,2020-01-06
843,1487,COURSE44,Assignment,94,2024-09-12
844,1375,COURSE18,Quiz,71,2020-11-10
845,1244,COURSE38,Midterm,96,2020-05-19
846,1245,COURSE1,Final Exam,67,2020-10-17
847,1334,COURSE33,Assignment,97,2020-10-19
848,1298,COURSE47,Midterm,67,2024-09-25
849,1035,COURSE16,Quiz,71,2020-01-01
850,1498,COURSE6,Midterm,90,2021-05-07
851,1203,COURSE15,Final Exam,69,2023-03-26
852,1019,COURSE8,Assignment,84,2023-11-19
853,1483,COURSE12,Midterm,73,2024-12-10
854,1240,COURSE49,Midterm,65,2020-06-17
855,1134,COURSE22,Final Exam,78,2023-12-10
856,1114,COURSE18,Quiz,90,2024-05-04
857,1056,COURSE35,Quiz,98,2020-03-06
858,1145,COURSE18,Assignment,75,2022-01-16
859,1357,COURSE24,Assignment,71,2022-08-21
860,1350,COURSE32,Final Exam,93,2022-09-22
861,1233,COURSE20,Assignment,93,2023-07-30
862,1011,COURSE40,Midterm,73,2021-11-12
863,1216,COURSE46,Quiz,72,2024-07-13
864,1322,COURSE27,Assignment,87,2023-10-07
865,1174,COURSE2,Midterm,64,2024-08-26
866,1085,COURSE5,Midterm,88,2020-09-23
867,1044,COURSE35,Quiz,81,2022-04-10
868,1250,COURSE29,Final Exam,64,2022-02-27
869,1259,COURSE36,Final Exam,60,2023-09-22
870,1452,COURSE24,Midterm,75,2024-11-12
871,1463,COURSE29,Midterm,69,2023-09-18
872,1284,COURSE9,Final Exam,90,2023-02-24
873,1153,COURSE41,Assignment,85,2021-02-17
874,1220,COURSE24,Midterm,97,2021-09-08
875,1191,COURSE40,Midterm,61,2021-05-31
876,1200,COURSE15,Final Exam,61,2020-01-19
877,1324,COURSE42,Final Exam,62,2021-06-17
878,1201,COURSE30,Assignment,76,2021-08-13
879,1049,COURSE23,Final Exam,66,2024-03-01
880,1081,COURSE38,Midterm,65,2024-02-26
881,1338,COURSE42,Assignment,73,2022-10-03
882,1435,COURSE42,Quiz,99,2024-08-22
883,1225,COURSE30,Midterm,82,2021-09-12
884,1297,COURSE46,Midterm,63,2021-08-02
885,1142,COURSE45,Final Exam,77,2023-04-08
886,1111,COURSE47,Quiz,77,2024-06-25
887,1421,COURSE5,Assignment,94,2022-02-22
888,1258,COURSE48,Assignment,77,2022-07-05
889,1261,COURSE45,Final Exam,60,2024-12-24
890,1398,COURSE24,Midterm,72,2020-10-08
891,1164,COURSE38,Assignment,83,2024-02-23
892,1023,COURSE35,Midterm,92,2022-01-27
893,1260,COURSE43,Midterm,100,2020-09-07
894,1302,COURSE25,Quiz,65,2023-08-16
895,1095,COURSE36,Quiz,76,2022-04-29
896,1440,COURSE24,Midterm,86,2023-08-06
897,1015,COURSE10,Final Exam,61,2024-11-11
898,1084,COURSE27,Midterm,97,2020-09-14
899,1085,COURSE35,Final Exam,62,2022-10-08
900,1341,COURSE7,Midterm,62,2021-06-29
901,1462,COURSE1,Midterm,76,2021-11-23
902,1297,COURSE49,Final Exam,88,2020-12-07
903,1387,COURSE49,Final Exam,92,2024-07-20
904,1020,COURSE18,Final Exam,72,2024-01-02
905,1436,COURSE44,Final Exam,75,2023-09-30
906,1132,COURSE32,Midterm,80,2022-07-02
907,1218,COURSE10,Midterm,88,2022-02-05
908,1188,COURSE36,Midterm,82,2024-01-27
909,1074,COURSE20,Quiz,80,2022-09-14
910,1038,COURSE3,Quiz,91,2021-11-19
911,1279,COURSE38,Assignment,82,2021-12-22
912,1203,COURSE34,Assignment,99,2022-02-03
913,1335,COURSE1,Quiz,69,2022-09-29
914,1391,COURSE3,Midterm,62,2023-11-17
915,1129,COURSE30,Assignment,88,2022-07-13
916,1447,COURSE20,Quiz,88,2024-09-18
917,1253,COURSE32,Midterm,63,2024-08-03
918,1094,COURSE6,Quiz,82,2022-10-12
919,1447,COURSE33,Quiz,86,2023-01-28
920,1375,COURSE14,Assignment,96,2023-12-17
921,1316,COURSE24,Midterm,96,2020-07-05
922,1448,COURSE45,Final Exam,82,2021-01-23
923,1162,COURSE2,Midterm,85,2024-09-17
924,1478,COURSE26,Assignment,80,2021-10-05
925,1224,COURSE48,Assignment,80,2022-12-17
926,1387,COURSE25,Assignment,74,2023-05-14
927,1354,COURSE40,Quiz,65,2021-08-26
928,1275,COURSE36,Midterm,89,2022-05-23
929,1032,COURSE31,Assignment,67,2024-03-23
930,1207,COURSE32,Assignment,89,2020-09-13
931,1172,COURSE48,Quiz,71,2024-12-12
932,1183,COURSE18,Quiz,83,2022-06-22
933,1318,COURSE5,Assignment,75,2023-11-28
934,1021,COURSE32,Midterm,99,2020-02-12
935,1065,COURSE31,Assignment,78,2023-10-12
936,1346,COURSE50,Assignment,71,2024-05-26
937,1422,COURSE38,Final Exam,90,2021-09-09
938,1160,COURSE8,Final Exam,72,2024-01-24
939,1121,COURSE41,Quiz,72,2023-10-10
940,1094,COURSE1,Quiz,83,2023-12-12
941,1145,COURSE22,Midterm,92,2021-12-17
942,1141,COURSE23,Quiz,69,2023-12-02
943,1045,COURSE30,Midterm,67,2020-11-15
944,1370,COURSE3,Assignment,99,2023-06-29
945,1310,COURSE38,Quiz,93,2024-04-17
946,1466,COURSE9,Quiz,89,2023-11-12
947,1346,COURSE44,Final Exam,90,2023-03-04
948,1334,COURSE25,Final Exam,95,2021-04-21
949,1468,COURSE28,Quiz,79,2023-04-27
950,1327,COURSE39,Quiz,81,2024-09-11
951,1451,COURSE11,Final Exam,62,2022-01-01
952,1143,COURSE2,Assignment,75,2021-01-12
953,1473,COURSE34,Final Exam,94,2021-04-16
954,1355,COURSE46,Midterm,65,2020-08-30
955,1038,COURSE11,Midterm,69,2022-10-18
956,1014,COURSE23,Final Exam,99,2023-03-31
957,1014,COURSE16,Midterm,80,2023-01-11
958,1065,COURSE44,Quiz,92,2024-12-19
959,1360,COURSE7,Midterm,84,2020-07-20
960,1019,COURSE43,Assignment,77,2021-01-05
961,1243,COURSE7,Quiz,92,2023-12-04
962,1405,COURSE38,Assignment,75,2024-04-03
963,1195,COURSE44,Final Exam,82,2023-09-06
964,1140,COURSE48,Assignment,86,2021-11-25
965,1025,COURSE16,Midterm,86,2020-03-06
966,1404,COURSE33,Midterm,74,2021-09-14
967,1161,COURSE49,Midterm,84,2020-05-18
968,1156,COURSE18,Assignment,63,2020-02-18
969,1337,COURSE40,Final Exam,84,2024-05-06
970,1228,COURSE11,Quiz,65,2022-06-08
971,1153,COURSE38,Final Exam,90,2024-03-01
972,1339,COURSE40,Midterm,66,2023-05-18
973,1420,COURSE4,Final Exam,72,2024-09-29
974,1328,COURSE9,Quiz,73,2021-05-24
975,1177,COURSE49,Quiz,83,2022-07-13
976,1068,COURSE1,Quiz,86,2022-08-30
977,1432,COURSE48,Final Exam,70,2022-02-19
978,1063,COURSE8,Final Exam,89,2020-11-29
979,1142,COURSE34,Quiz,79,2024-09-05
980,1344,COURSE45,Assignment,78,2023-08-06
981,1092,COURSE1,Final Exam,62,2023-09-17
982,1075,COURSE45,Final Exam,84,2024-07-03
983,1067,COURSE48,Final Exam,66,2024-06-04
984,1008,COURSE6,Final Exam,69,2024-06-27
985,1226,COURSE1,Assignment,83,2021-02-22
986,1454,COURSE49,Assignment,96,2020-05-20
987,1406,COURSE43,Quiz,74,2023-03-23
988,1218,COURSE20,Final Exam,95,2021-03-29
989,1078,COURSE14,Final Exam,91,2024-04-26
990,1069,COURSE34,Quiz,89,2021-02-05
991,1218,COURSE30,Quiz,86,2022-11-09
992,1187,COURSE32,Final Exam,71,2023-07-21
993,1216,COURSE48,Final Exam,92,2020-12-27
994,1338,COURSE27,Final Exam,80,2022-10-31
995,1103,COURSE32,Midterm,100,2020-02-12
996,1246,COURSE31,Quiz,72,2022-06-02
997,1353,COURSE15,Midterm,73,2024-12-06
998,1195,COURSE38,Final Exam,73,2020-12-29
999,1104,COURSE45,Assignment,90,2021-10-27
1000,1457,COURSE4,Assignment,96,2021-07-06
